<?xml version="1.0"?>
<!DOCTYPE ScenarioConfiguration>
<!--CONFIGURATION FILE FOR THE STANDARD'S MAC AND PHYSICAL LAYER PARAMETERS-->
<SPEC_PARAMS>
	<SLOT_ERP>0.000009</SLOT_ERP>
	<SLOT_NON_ERP>0.000020</SLOT_NON_ERP>
	<SIFS>0.000010</SIFS>
	<DIFS_ERP>0.000019</DIFS_ERP>
	<DIFS_NON_ERP>0.000030</DIFS_NON_ERP>
	<SIFS_A>0.000016</SIFS_A>
	<SIFS_G>0.000030</SIFS_G>
	<LONG_PHY>0.000192</LONG_PHY>
	<SHORT_PHY>0.000096</SHORT_PHY>
	<OFDM_PHY>0.000020</OFDM_PHY>
	<CW_MIN_DSSS>32</CW_MIN_DSSS>
	<CW_MIN_OFDM>16</CW_MIN_OFDM>
	<CW_MAX>1024</CW_MAX>
	<ACK>112</ACK>
	<RTS>160</RTS>
	<CTS>112</CTS>
	<MAC>272</MAC>
	<MAX_PKT>32768</MAX_PKT>
	<MAX_PKT_QUEUE_LNGTH>10000</MAX_PKT_QUEUE_LNGTH>
</SPEC_PARAMS>